rate,cv_empirical,cv_expected
speciation,0.15267359186324372,0.033297886116744634
extinction,0.12086172867133202,0.07441562981722492
